image_size,run1_time,run2_time,run3_time
256,0.004316,0.005268,0.004518
1024,0.069932,0.069235,0.070627
4000,1.043042,1.051668,1.044982
16000,17.873339,17.922349,17.919953
